run_id,ordinal,seed,campaign_id,fault_point,data_origin,execution_mode,process_pid,process_exit_code,process_started_at,checkpoint_reached_at,process_killed_at,restart_completed_at,attempts_created,lease_recoveries,observations_staged,observations_received,observations_accepted,corrupted_receipts,accepted_outcomes,duplicate_suppressions,hard_budget,budget_committed,budget_reserved,budget_consumed,budget_released,replay_equal,package_verified,objects_referenced,objects_verified,package_id,package_sha256,failure_codes,exclusions
phase7-20260813-100,1,20260814,6b985d61-1f60-44d9-881c-807d024beb86,after_upload_before_outcome_transaction,synthetic,replay,35220,1,2026-08-14T10:10:08.541304Z,2026-08-14T10:10:11.197768Z,2026-08-14T10:10:11.197768Z,2026-08-14T10:10:13.940587Z,3,1,1,1,1,0,1,1,3,3,3,3,0,True,True,2,1,experiment-package:1414b041c81403865340375ce2d5cd9d,86a7caa79c1741d73a7c912882a7abf7c2ab846be127338e8bbd18b1d8a13b4c,"[""lease_lost""]",[]
phase7-20260813-100,2,20260815,3ec20c72-ef7d-4976-8458-f77e4c0cdf95,after_commit_before_acknowledgement,synthetic,replay,31992,1,2026-08-14T10:10:14.069961Z,2026-08-14T10:10:17.727327Z,2026-08-14T10:10:17.727327Z,2026-08-14T10:10:19.665713Z,2,0,1,1,1,0,1,1,3,2,2,2,0,True,True,2,1,experiment-package:1aa9c3cfbcb1c61fbd9efb7b04d24578,dfde9196df4488dbd1e5f786084d1a48116ca9c2ec3a232ddc3e41e986b42cfe,[],[]
phase7-20260813-100,3,20260816,d691cf85-6cc4-4ff6-ae0e-e09eef28676b,after_commit_before_acknowledgement,synthetic,replay,35612,1,2026-08-14T10:10:19.729429Z,2026-08-14T10:10:22.554614Z,2026-08-14T10:10:22.554614Z,2026-08-14T10:10:24.572791Z,2,0,1,1,1,0,1,1,3,2,2,2,0,True,True,2,1,experiment-package:977845b98cb7b844b52e04de5ea708dd,59e9845b5665c7711e67ba3b141bc17a7250b8a6cf99eef88c6245a62936132f,[],[]
phase7-20260813-100,4,20260817,e99032a1-d0db-417c-afbb-7323c2916f43,after_upload_before_outcome_transaction,synthetic,replay,34784,1,2026-08-14T10:10:24.642532Z,2026-08-14T10:10:26.963888Z,2026-08-14T10:10:26.963888Z,2026-08-14T10:10:29.286627Z,3,1,1,1,1,0,1,1,3,3,3,3,0,True,True,2,1,experiment-package:0afa5fd9864def08c5c9f13b9ed1c45b,29d538eff169caf773dc4f362bd3b17b3d663e3edfdd054a830e7173d3be8188,"[""lease_lost""]",[]
phase7-20260813-100,5,20260818,debea722-7e09-48fa-87da-b9497c61bed9,during_evidence_export,synthetic,replay,36428,1,2026-08-14T10:10:30.205785Z,2026-08-14T10:10:31.797918Z,2026-08-14T10:10:31.797918Z,2026-08-14T10:10:31.920780Z,2,0,1,1,1,0,1,1,3,2,2,2,0,True,True,2,1,experiment-package:9b56e5ccf96f83051746cbddef119e45,26e6e6ce6b0e9daaf2c76e4a65450d05c4dc8c903cbc2ca02e1ffb7f3dee8008,[],[]
phase7-20260813-100,6,20260819,a1bc6249-fbc8-4959-bfbe-28a425045f05,after_commit_before_acknowledgement,synthetic,replay,36304,1,2026-08-14T10:10:31.979406Z,2026-08-14T10:10:34.411422Z,2026-08-14T10:10:34.411422Z,2026-08-14T10:10:36.367988Z,2,0,1,1,1,0,1,1,3,2,2,2,0,True,True,2,1,experiment-package:74bd13cf276c5d69481f85d14ef81331,6b82127f6ebbc7f2387472f9221be60bf4c382b17cb002faa8f128b8e2afc16c,[],[]
phase7-20260813-100,7,20260820,4e2327cc-9dea-464a-bfdd-cb24bb962bda,after_lease_acquisition,synthetic,replay,24932,1,2026-08-14T10:10:36.421794Z,2026-08-14T10:10:38.535645Z,2026-08-14T10:10:38.535645Z,2026-08-14T10:10:41.026907Z,2,1,1,1,1,0,1,1,3,2,3,2,1,True,True,2,1,experiment-package:7cad4e0b8f7c7b14e990b1aba26ad3aa,e5e1b6cc569e81942883c5cab902a9981e3357579e6b7b9e6331dd0cac107c57,[],[]
phase7-20260813-100,8,20260821,63c86416-3e69-49c6-9c26-7c19c7cad96d,during_object_upload,synthetic,replay,29024,1,2026-08-14T10:10:41.075890Z,2026-08-14T10:10:43.275096Z,2026-08-14T10:10:43.275096Z,2026-08-14T10:10:46.067999Z,3,1,1,1,1,0,1,1,3,3,3,3,0,True,True,2,1,experiment-package:47999c9e3d7555b3a20655ec51fab20f,657c7d65d430459bd3c332622c8f2c45ecc672124b77152503be536c1dbbd1de,"[""lease_lost""]",[]
phase7-20260813-100,9,20260822,605615d2-914f-4543-b5b0-f0a4b8bce588,during_object_upload,synthetic,replay,14492,1,2026-08-14T10:10:46.125239Z,2026-08-14T10:10:49.667977Z,2026-08-14T10:10:49.667977Z,2026-08-14T10:10:53.536849Z,3,1,1,1,1,0,1,1,3,3,3,3,0,True,True,2,1,experiment-package:ac75dc2e372bbfd60c3680ed755417a1,b3f8ffdb5a08b115e3b8fe9cfa34530a260dbd9dd1b6ce5c13f3399859395040,"[""lease_lost""]",[]
phase7-20260813-100,10,20260823,fa5dde52-f4d2-49e6-9da6-9e0650f9f995,after_adapter_return_before_upload,synthetic,replay,28800,1,2026-08-14T10:10:53.609050Z,2026-08-14T10:10:55.838197Z,2026-08-14T10:10:55.838197Z,2026-08-14T10:10:58.674242Z,3,1,1,1,1,0,1,1,3,3,3,3,0,True,True,2,1,experiment-package:ea4cb92d87f72d93f41674ae3e664df7,c1b5dbf63957312b5223df33059dec364108cedfff52fe1457557a82e959901c,"[""lease_lost""]",[]
phase7-20260813-100,11,20260824,7f13ceee-76a2-4996-be86-6342a9ca4b14,during_object_upload,synthetic,replay,27400,1,2026-08-14T10:10:58.763269Z,2026-08-14T10:11:01.507675Z,2026-08-14T10:11:01.507675Z,2026-08-14T10:11:04.261601Z,3,1,1,1,1,0,1,1,3,3,3,3,0,True,True,2,1,experiment-package:852206b0f7b1135639e353dee147e933,c244a3a25e4aa7929ce0472fb7e33c172e2fd72bdbaa83f7e3edcc6f9878a26b,"[""lease_lost""]",[]
phase7-20260813-100,12,20260825,8c33bb8b-54d6-4e69-8398-19320e394cec,after_commit_before_acknowledgement,synthetic,replay,36232,1,2026-08-14T10:11:04.350169Z,2026-08-14T10:11:07.005153Z,2026-08-14T10:11:07.005153Z,2026-08-14T10:11:09.445493Z,2,0,1,1,1,0,1,1,3,2,2,2,0,True,True,2,1,experiment-package:231bc333897664a1b5b9543ed2d259ca,4e0a33de9a4ec4e9afd4ffa1f6584158b2146cbbbbf546b78dd219c12c1ea240,[],[]
phase7-20260813-100,13,20260826,eb15f57a-9453-455b-b698-b9c0c7392a7a,after_adapter_return_before_upload,synthetic,replay,34956,1,2026-08-14T10:11:09.511999Z,2026-08-14T10:11:11.780887Z,2026-08-14T10:11:11.780887Z,2026-08-14T10:11:14.679115Z,3,1,1,1,1,0,1,1,3,3,3,3,0,True,True,2,1,experiment-package:b6f10393d1262459eace3aabdc4e1ad6,84f1c814fa769bc415fd5a8f4ad52f3c43ef96799a0a7c577326296414586bce,"[""lease_lost""]",[]
phase7-20260813-100,14,20260827,151ccef8-ef3e-4d0f-8369-e7f7f608ef6f,after_lease_acquisition,synthetic,replay,1888,1,2026-08-14T10:11:14.745658Z,2026-08-14T10:11:16.912007Z,2026-08-14T10:11:16.912007Z,2026-08-14T10:11:20.340675Z,2,1,1,1,1,0,1,1,3,2,3,2,1,True,True,2,1,experiment-package:9b9ac01b74af9a8853a8873eb80524ae,ea07a61da7c0a0c1bafc48b5e847b296f9768cee8268554c7ade0b35c81e29c7,[],[]
phase7-20260813-100,15,20260828,ae40ec4a-9c7c-4bf0-b9cf-f52c96558d1c,after_lease_acquisition,synthetic,replay,33568,1,2026-08-14T10:11:20.409416Z,2026-08-14T10:11:23.043569Z,2026-08-14T10:11:23.043569Z,2026-08-14T10:11:26.038171Z,2,1,1,1,1,0,1,1,3,2,3,2,1,True,True,2,1,experiment-package:0555fed1abbd483a0fdbd917c8ce4805,fce6f56e33c56eb3ad3d089aa53e3486618e5fd5287ba9282e0e061750375a00,[],[]
phase7-20260813-100,16,20260829,7ddde011-de55-4b48-8979-a68b176eafaa,after_lease_acquisition,synthetic,replay,34368,1,2026-08-14T10:11:26.097691Z,2026-08-14T10:11:28.458627Z,2026-08-14T10:11:28.458627Z,2026-08-14T10:11:32.015471Z,2,1,1,1,1,0,1,1,3,2,3,2,1,True,True,2,1,experiment-package:22a3784d17204a82eedcdb2a27bcb0f9,b3ab131411f9095f23d51f6524834b1c89671c6198cf50c9061bb21aa5b56698,[],[]
phase7-20260813-100,17,20260830,137655fe-2638-4d0f-a009-bcc9176dd0e7,after_adapter_return_before_upload,synthetic,replay,2232,1,2026-08-14T10:11:32.095132Z,2026-08-14T10:11:35.296299Z,2026-08-14T10:11:35.296299Z,2026-08-14T10:11:38.411243Z,3,1,1,1,1,0,1,1,3,3,3,3,0,True,True,2,1,experiment-package:0ea7d4987e61464380c5f4bdbd20bb58,e76d6a93738dab3e093436a9002fec6d90a503e311461eaf13e8eededc3b2f90,"[""lease_lost""]",[]
phase7-20260813-100,18,20260831,c5e5e6d8-0f6e-4af6-81df-c86cfb376721,during_object_upload,synthetic,replay,34360,1,2026-08-14T10:11:38.511691Z,2026-08-14T10:11:41.871762Z,2026-08-14T10:11:41.871762Z,2026-08-14T10:11:45.150350Z,3,1,1,1,1,0,1,1,3,3,3,3,0,True,True,2,1,experiment-package:a132f5fe1649a05a80715eb0827a28b8,409ee8a971ac7f6e6ddcc94413eef8b280dc39f6ee4c1c3b6c175b1e7f8c9dc2,"[""lease_lost""]",[]
phase7-20260813-100,19,20260832,b27e92ae-eb8e-4576-bef9-b923334dcc71,after_adapter_return_before_upload,synthetic,replay,27016,1,2026-08-14T10:11:45.232075Z,2026-08-14T10:11:48.327089Z,2026-08-14T10:11:48.327089Z,2026-08-14T10:11:51.629487Z,3,1,1,1,1,0,1,1,3,3,3,3,0,True,True,2,1,experiment-package:e335bb813afe560ea22c59d70b255e68,605d4217b61a92f1dd04957125bb6aad9464632568d9514bf4fba438607d17ac,"[""lease_lost""]",[]
phase7-20260813-100,20,20260833,60c1b1b6-173f-4375-afc2-67a5f2ae08aa,during_object_upload,synthetic,replay,34240,1,2026-08-14T10:11:51.700767Z,2026-08-14T10:11:54.424125Z,2026-08-14T10:11:54.424125Z,2026-08-14T10:11:57.389518Z,3,1,1,1,1,0,1,1,3,3,3,3,0,True,True,2,1,experiment-package:786016bc979d5d2328c7905b31e79950,188cf0df0108fc7ac45252bb6c4b30bd13be5b549b6a005d7c8c7e842ca25644,"[""lease_lost""]",[]
phase7-20260813-100,21,20260834,4a29aec2-9501-4195-97e3-25eeb1014c87,during_object_upload,synthetic,replay,34460,1,2026-08-14T10:11:57.447343Z,2026-08-14T10:12:00.179646Z,2026-08-14T10:12:00.179646Z,2026-08-14T10:12:03.124567Z,3,1,1,1,1,0,1,1,3,3,3,3,0,True,True,2,1,experiment-package:78bdcb7ffe116250e0c0b796845656a4,f8b43cf5e473f4ca56cb2323298561888542e30d12ff3ef4e35b15c77ab7da1c,"[""lease_lost""]",[]
phase7-20260813-100,22,20260835,e107ca1d-5f49-43ad-98d0-82bbd2161c5b,after_upload_before_outcome_transaction,synthetic,replay,35572,1,2026-08-14T10:12:03.205372Z,2026-08-14T10:12:05.880034Z,2026-08-14T10:12:05.880034Z,2026-08-14T10:12:08.865576Z,3,1,1,1,1,0,1,1,3,3,3,3,0,True,True,2,1,experiment-package:1d589d7de8e38831b299ddc0b6aebbb3,ac2e6a9d738757b6fa24a61f46b47e2b547d5a4cbf03580a1340627907bb42dc,"[""lease_lost""]",[]
phase7-20260813-100,23,20260836,f12df2e2-3626-4d3e-9350-dd8e497c4f47,during_object_upload,synthetic,replay,33344,1,2026-08-14T10:12:08.916540Z,2026-08-14T10:12:11.128827Z,2026-08-14T10:12:11.128827Z,2026-08-14T10:12:14.287442Z,3,1,1,1,1,0,1,1,3,3,3,3,0,True,True,2,1,experiment-package:7f78584f6f8625ecb8f36a9996bf022f,218b9c8478ffb4ae8f1a95a5593ca749918d5a6a7eb0300724884cd9b7065d96,"[""lease_lost""]",[]
phase7-20260813-100,24,20260837,1d42f522-20a4-4679-b64f-1d426a3d1828,after_adapter_return_before_upload,synthetic,replay,34680,1,2026-08-14T10:12:14.346917Z,2026-08-14T10:12:16.709410Z,2026-08-14T10:12:16.709410Z,2026-08-14T10:12:20.387650Z,3,1,1,1,1,0,1,1,3,3,3,3,0,True,True,2,1,experiment-package:4b0b85f1eb4b6f123b181183bad05d90,7c173a1e461d4fb223982da8c3e6ef43dd605ed61450ce45a50201c505bf781e,"[""lease_lost""]",[]
phase7-20260813-100,25,20260838,49cafee4-4b11-4575-b93e-5d32091788a1,after_lease_acquisition,synthetic,replay,36816,1,2026-08-14T10:12:20.468246Z,2026-08-14T10:12:23.224028Z,2026-08-14T10:12:23.224028Z,2026-08-14T10:12:26.574447Z,2,1,1,1,1,0,1,1,3,2,3,2,1,True,True,2,1,experiment-package:e8754a5fd2398e8084eff67ca6bc70fb,a55b516afd47c8ef324b11ac46b0deeef9b6ceac92e29c36a055896878282c21,[],[]
phase7-20260813-100,26,20260839,820f15e5-e222-46cc-b74e-6713d9e12e29,after_upload_before_outcome_transaction,synthetic,replay,35132,1,2026-08-14T10:12:26.627412Z,2026-08-14T10:12:29.524176Z,2026-08-14T10:12:29.524176Z,2026-08-14T10:12:32.905394Z,3,1,1,1,1,0,1,1,3,3,3,3,0,True,True,2,1,experiment-package:334431cdc11a92437302e92df434e00c,03e409a18374d73b4558efcbce29fee002f6f7dd6dc70f42050605394d7787ce,"[""lease_lost""]",[]
phase7-20260813-100,27,20260840,a36da83d-db46-4670-a637-9ffe5e220810,after_lease_acquisition,synthetic,replay,10388,1,2026-08-14T10:12:32.980001Z,2026-08-14T10:12:37.451470Z,2026-08-14T10:12:37.451470Z,2026-08-14T10:12:42.523857Z,2,1,1,1,1,0,1,1,3,2,3,2,1,True,True,2,1,experiment-package:d716bde40a0d9da20a9e9b0ef1dde77a,2db064f43e34aba7f8dba9492c3f783d38d24da72c3654cb3f51526a52b4e2f7,[],[]
phase7-20260813-100,28,20260841,bc56f20c-e654-46aa-9329-4c05c20a0258,during_object_upload,synthetic,replay,7580,1,2026-08-14T10:12:42.624449Z,2026-08-14T10:12:47.342603Z,2026-08-14T10:12:47.342603Z,2026-08-14T10:12:51.487075Z,3,1,1,1,1,0,1,1,3,3,3,3,0,True,True,2,1,experiment-package:fd6bb3c3ec937a56a85178391c4a518a,1de58c7ce3246b9a2d4fd37c3ea7b4378edad1fdeef4c1ea75379ecbdf32d9bd,"[""lease_lost""]",[]
phase7-20260813-100,29,20260842,4aa64844-d429-49b2-acab-ff3288a90bcc,after_lease_acquisition,synthetic,replay,36632,1,2026-08-14T10:12:51.623714Z,2026-08-14T10:12:55.124561Z,2026-08-14T10:12:55.124561Z,2026-08-14T10:12:58.883294Z,2,1,1,1,1,0,1,1,3,2,3,2,1,True,True,2,1,experiment-package:ed21b79537fe093af093d5130a668f94,0b5ff33ea8f55a5c693d53c176d821bf4dca9406524a291275bb3320c860d78b,[],[]
phase7-20260813-100,30,20260843,22a57b2d-ead3-47f0-832d-7a8300d12991,after_lease_acquisition,synthetic,replay,18912,1,2026-08-14T10:12:58.974953Z,2026-08-14T10:13:02.264449Z,2026-08-14T10:13:02.264449Z,2026-08-14T10:13:05.518901Z,2,1,1,1,1,0,1,1,3,2,3,2,1,True,True,2,1,experiment-package:795a09c7b337841a4ceccd6f6f6c0f4d,4cf8decd23fd6d9e02aded6567ff64847692da4e30fd9875c7df193630b480c2,[],[]
phase7-20260813-100,31,20260844,974eecb8-5060-4d2c-880c-d046ebf5755f,during_evidence_export,synthetic,replay,22020,1,2026-08-14T10:13:07.329221Z,2026-08-14T10:13:09.124629Z,2026-08-14T10:13:09.124629Z,2026-08-14T10:13:09.280443Z,2,0,1,1,1,0,1,1,3,2,2,2,0,True,True,2,1,experiment-package:190b0fb5901e6df80ffe8ef4d520d261,cf5e8a03221405d40400b3bf59d55ee31771a1e2ba1705ef22401501c31465c2,[],[]
phase7-20260813-100,32,20260845,c7d1b4b9-44df-4daf-bdff-fbccd0c12995,during_object_upload,synthetic,replay,18704,1,2026-08-14T10:13:09.345830Z,2026-08-14T10:13:12.539667Z,2026-08-14T10:13:12.539667Z,2026-08-14T10:13:16.783695Z,3,1,1,1,1,0,1,1,3,3,3,3,0,True,True,2,1,experiment-package:e500de6d80f414dca4bc2f1ddedca5b3,07b7c0e978f9cc7b4c3287c3010a82f63eed125af8ec800ce34f3a8769d6d337,"[""lease_lost""]",[]
phase7-20260813-100,33,20260846,4c848945-5f9d-4ba2-9f42-a83d056553ed,after_commit_before_acknowledgement,synthetic,replay,35280,1,2026-08-14T10:13:16.852090Z,2026-08-14T10:13:20.161238Z,2026-08-14T10:13:20.161238Z,2026-08-14T10:13:23.606607Z,2,0,1,1,1,0,1,1,3,2,2,2,0,True,True,2,1,experiment-package:855684756a8c0b00c45f1004826d60be,10164a425c6f41d7e4142d576a23481693705d59c401feed3fcd3d13c3a64c7d,[],[]
phase7-20260813-100,34,20260847,385b45ec-ef19-4cf5-b824-59dfcb89df1a,during_evidence_export,synthetic,replay,33712,1,2026-08-14T10:13:26.632677Z,2026-08-14T10:13:28.375254Z,2026-08-14T10:13:28.375254Z,2026-08-14T10:13:28.489800Z,2,0,1,1,1,0,1,1,3,2,2,2,0,True,True,2,1,experiment-package:b406045afe39c7d7c237f490972938e6,eb54528914baa7eb133085440ad6798bf12847b273f6edc5ef016d0ba3d351d4,[],[]
phase7-20260813-100,35,20260848,2ddfa503-e912-44ec-bc85-57cad2b1cbef,during_evidence_export,synthetic,replay,36252,1,2026-08-14T10:13:31.298079Z,2026-08-14T10:13:33.239314Z,2026-08-14T10:13:33.239314Z,2026-08-14T10:13:33.365681Z,2,0,1,1,1,0,1,1,3,2,2,2,0,True,True,2,1,experiment-package:5ad8e5bf559421c20a7f45c8a37c80cc,667529ba16ae71a95b1faeae17e5aabfb282e3832a4cbd082bf11a4117bafcd5,[],[]
phase7-20260813-100,36,20260849,44cbfa21-1aec-4c40-a2b2-ee7e885463a3,after_lease_acquisition,synthetic,replay,31164,1,2026-08-14T10:13:33.428004Z,2026-08-14T10:13:36.146212Z,2026-08-14T10:13:36.146212Z,2026-08-14T10:13:39.969794Z,2,1,1,1,1,0,1,1,3,2,3,2,1,True,True,2,1,experiment-package:04275c2306966be30b9e1656d9a076aa,a29c82ffe88bb2ff0c2927a273b05275bccf220b08f8ce25509829cb502e62a2,[],[]
phase7-20260813-100,37,20260850,159041f3-1d8e-434f-865e-5a0e66f96591,after_commit_before_acknowledgement,synthetic,replay,33508,1,2026-08-14T10:13:40.021781Z,2026-08-14T10:13:43.061523Z,2026-08-14T10:13:43.061523Z,2026-08-14T10:13:46.358255Z,2,0,1,1,1,0,1,1,3,2,2,2,0,True,True,2,1,experiment-package:342178808f6a538bc652aa08de603218,a8c75b620cd570fb1008b89d88b793f338efc59559a04409eb714ecc4d6c0f4c,[],[]
phase7-20260813-100,38,20260851,e873a878-dd73-43e8-a90a-d96ca6d3f952,after_lease_acquisition,synthetic,replay,13328,1,2026-08-14T10:13:46.407406Z,2026-08-14T10:13:49.549143Z,2026-08-14T10:13:49.549143Z,2026-08-14T10:13:53.910440Z,2,1,1,1,1,0,1,1,3,2,3,2,1,True,True,2,1,experiment-package:da7dac27d15dce8b8cdb0cede64d8dfe,a856cd9db82526c9c02cd192b0ccc976b12c204d40c1385e5e1a126b91c82b42,[],[]
phase7-20260813-100,39,20260852,8794d3a7-3103-4f50-a299-daf90d776b17,during_object_upload,synthetic,replay,31284,1,2026-08-14T10:13:53.978017Z,2026-08-14T10:13:58.974335Z,2026-08-14T10:13:58.974335Z,2026-08-14T10:14:03.276663Z,3,1,1,1,1,0,1,1,3,3,3,3,0,True,True,2,1,experiment-package:08857decb1303af5567e73b40cf22189,9b4e44283be839f950f352813ee516bd728bf87d3e01371d01959cee529a03f0,"[""lease_lost""]",[]
phase7-20260813-100,40,20260853,b5273feb-6224-47f5-9efe-ca8f5f2c50c3,after_lease_acquisition,synthetic,replay,21920,1,2026-08-14T10:14:03.355705Z,2026-08-14T10:14:06.794732Z,2026-08-14T10:14:06.794732Z,2026-08-14T10:14:11.572061Z,2,1,1,1,1,0,1,1,3,2,3,2,1,True,True,2,1,experiment-package:715137e2d11e4b8e75c53fb59cb75059,ce4f297a72df2591457177bf93c57b5f44942191f7e6e05897c8df01b536b07e,[],[]
phase7-20260813-100,41,20260854,f93cb898-46ff-4b94-a210-5daa4267fedf,during_evidence_export,synthetic,replay,34056,1,2026-08-14T10:14:14.888846Z,2026-08-14T10:14:17.457817Z,2026-08-14T10:14:17.457817Z,2026-08-14T10:14:17.611710Z,2,0,1,1,1,0,1,1,3,2,2,2,0,True,True,2,1,experiment-package:7946d26c91cdb0e2edd5749ab563660e,07c3b39ba5514028e3c280a10d22c5c3521335975ecf162438409b3e1c58af57,[],[]
phase7-20260813-100,42,20260855,1a161d49-a854-4da0-b7a4-de86aa4b9eef,during_object_upload,synthetic,replay,5832,1,2026-08-14T10:14:17.702812Z,2026-08-14T10:14:22.048011Z,2026-08-14T10:14:22.048011Z,2026-08-14T10:14:26.932919Z,3,1,1,1,1,0,1,1,3,3,3,3,0,True,True,2,1,experiment-package:89dbbf871a17ce89062aedabb07a8615,9dfa6e712dd65148674ea60aa4c3831a27ca57f345f5039056c4776cfd026c73,"[""lease_lost""]",[]
phase7-20260813-100,43,20260856,31ab9938-a72a-4770-9d33-e9d2e85bc8ad,after_adapter_return_before_upload,synthetic,replay,26672,1,2026-08-14T10:14:27.002549Z,2026-08-14T10:14:30.716666Z,2026-08-14T10:14:30.716666Z,2026-08-14T10:14:35.334911Z,3,1,1,1,1,0,1,1,3,3,3,3,0,True,True,2,1,experiment-package:8d339395d474f70d0f1a52fa8d1e36e8,a95e1b5e7cedb632ad52cd25d8b83587658b9619226982981a78433769410022,"[""lease_lost""]",[]
phase7-20260813-100,44,20260857,fa233469-95d6-4b96-a632-26b1e4e1930e,after_adapter_return_before_upload,synthetic,replay,9840,1,2026-08-14T10:14:35.389946Z,2026-08-14T10:14:38.408843Z,2026-08-14T10:14:38.408843Z,2026-08-14T10:14:43.693688Z,3,1,1,1,1,0,1,1,3,3,3,3,0,True,True,2,1,experiment-package:8ed613c891650aed7a7fab94e302222f,4a2b50ded86f439c58ef1a20e737a65d5208b94343271c67531fe0caa1ec19d5,"[""lease_lost""]",[]
phase7-20260813-100,45,20260858,a9dbfd65-eaba-4d48-9d16-f06fd3ac7a5c,after_commit_before_acknowledgement,synthetic,replay,8904,1,2026-08-14T10:14:43.767402Z,2026-08-14T10:14:48.120430Z,2026-08-14T10:14:48.120430Z,2026-08-14T10:14:53.709411Z,2,0,1,1,1,0,1,1,3,2,2,2,0,True,True,2,1,experiment-package:2d0717e0ead865dcd5500dd3097117d2,854b35ac108acee9a7241e80a1aacd3349e6bb0bd266c4d87ba10ff252550a71,[],[]
phase7-20260813-100,46,20260859,9540a137-fb43-4c8c-b855-e85e4a1b0251,after_commit_before_acknowledgement,synthetic,replay,33436,1,2026-08-14T10:14:53.819248Z,2026-08-14T10:14:59.113610Z,2026-08-14T10:14:59.113610Z,2026-08-14T10:15:03.593612Z,2,0,1,1,1,0,1,1,3,2,2,2,0,True,True,2,1,experiment-package:2143d8a976ed2b9ec0e75cca8e3b36b7,eab094487747bdcbd856a2b8a07ea1b3ccdb138911163f37db1686c9fc1063f1,[],[]
phase7-20260813-100,47,20260860,eaa90654-d76d-4f1a-8518-7beae7bb8aa5,after_commit_before_acknowledgement,synthetic,replay,36720,1,2026-08-14T10:15:03.689939Z,2026-08-14T10:15:07.560795Z,2026-08-14T10:15:07.560795Z,2026-08-14T10:15:12.346949Z,2,0,1,1,1,0,1,1,3,2,2,2,0,True,True,2,1,experiment-package:be65096c0a0d7f9974e87294a9bb72c5,c003e43e79a17123d6f5685da76dc4ce6290468638cf0643b449dfd206a389d9,[],[]
phase7-20260813-100,48,20260861,242b4137-17f0-4fa0-95d3-15fa3479517b,after_commit_before_acknowledgement,synthetic,replay,31828,1,2026-08-14T10:15:12.403874Z,2026-08-14T10:15:16.555087Z,2026-08-14T10:15:16.555087Z,2026-08-14T10:15:20.779039Z,2,0,1,1,1,0,1,1,3,2,2,2,0,True,True,2,1,experiment-package:ec8aef445a6bb803caa99707e29ee9a1,7d2946981fe98e720c00b8814558fb367c7fa16ef275fdc1b30948a1f0c9ac3d,[],[]
phase7-20260813-100,49,20260862,bfca9dea-5602-4bf5-afe2-c1a31ca3b1c9,during_object_upload,synthetic,replay,33912,1,2026-08-14T10:15:20.839347Z,2026-08-14T10:15:24.124706Z,2026-08-14T10:15:24.124706Z,2026-08-14T10:15:28.265797Z,3,1,1,1,1,0,1,1,3,3,3,3,0,True,True,2,1,experiment-package:490400f30c4ff69ab4b4abac68e8e13b,429eb4e9f09fdbce9d2f31af69ef10609c5b0bc6e41b8d4ac5309d77da0dca7b,"[""lease_lost""]",[]
phase7-20260813-100,50,20260863,bd6c1f73-1291-4703-92c2-9c793ffd41d2,after_commit_before_acknowledgement,synthetic,replay,29260,1,2026-08-14T10:15:28.318258Z,2026-08-14T10:15:33.653071Z,2026-08-14T10:15:33.653071Z,2026-08-14T10:15:38.778852Z,2,0,1,1,1,0,1,1,3,2,2,2,0,True,True,2,1,experiment-package:b95ef8ea7c840c1529a491ce20184600,071adbd418a996346b9bc63644f20ba73e0109c3fb0f6dd0cade425c92905626,[],[]
phase7-20260813-100,51,20260864,7fb3eeee-7c16-4260-99c6-7663db4a0686,after_adapter_return_before_upload,synthetic,replay,32416,1,2026-08-14T10:15:38.836943Z,2026-08-14T10:15:42.132608Z,2026-08-14T10:15:42.132608Z,2026-08-14T10:15:47.290315Z,3,1,1,1,1,0,1,1,3,3,3,3,0,True,True,2,1,experiment-package:e177be90069e30c17e879d270bc44d6b,0de9a76ce3c2b8c28925e0c860044486c6a8b0397974b0aebb9c00e39fa2a97f,"[""lease_lost""]",[]
phase7-20260813-100,52,20260865,dd7df504-61ec-4fc1-bf35-643f8893eea6,after_upload_before_outcome_transaction,synthetic,replay,35568,1,2026-08-14T10:15:47.374048Z,2026-08-14T10:15:51.818547Z,2026-08-14T10:15:51.818547Z,2026-08-14T10:15:57.964968Z,3,1,1,1,1,0,1,1,3,3,3,3,0,True,True,2,1,experiment-package:7eace65381e92bbbb4996253c1ebcd16,de8c5c603d366cc58a9b383645e2e93224a6a16be68776c2c3280ac54aaf6903,"[""lease_lost""]",[]
phase7-20260813-100,53,20260866,367618ea-4656-4a19-b3d0-a2d785dc051d,during_object_upload,synthetic,replay,25368,1,2026-08-14T10:15:58.017799Z,2026-08-14T10:16:02.324692Z,2026-08-14T10:16:02.324692Z,2026-08-14T10:16:12.779879Z,3,1,1,1,1,0,1,1,3,3,3,3,0,True,True,2,1,experiment-package:09123c8bb92aa064364c32ab5c2a6069,12de92dcc6236a5c102e38b7be9f0c6f8445018aaa3db85a92c74d84013af51a,"[""lease_lost""]",[]
phase7-20260813-100,54,20260867,4fe0557a-28e9-445f-8e86-7405dd47b5e3,after_adapter_return_before_upload,synthetic,replay,14484,1,2026-08-14T10:16:12.953620Z,2026-08-14T10:16:22.814443Z,2026-08-14T10:16:22.814443Z,2026-08-14T10:16:29.213286Z,3,1,1,1,1,0,1,1,3,3,3,3,0,True,True,2,1,experiment-package:2a560cc595c952d6fe497e60d3848fbf,9fe56d67d403e006a43bc04a6cbca0ec4e8bc1a192f2d39dac5e99d49d75b014,"[""lease_lost""]",[]
phase7-20260813-100,55,20260868,0b34aa01-19c5-483a-b6b1-7010a99c01ef,during_evidence_export,synthetic,replay,36752,1,2026-08-14T10:16:33.343354Z,2026-08-14T10:16:36.913545Z,2026-08-14T10:16:36.913545Z,2026-08-14T10:16:37.057417Z,2,0,1,1,1,0,1,1,3,2,2,2,0,True,True,2,1,experiment-package:579d19792c647dca3a9ead1bc84ab924,1dbd57652ff9bb6a0b10c11d18c4a4bdb0e93e3e2f7784a6b1f91a3009b06b1b,[],[]
phase7-20260813-100,56,20260869,5ba71a70-ce26-45d8-97a8-ac397b5c2ae1,after_upload_before_outcome_transaction,synthetic,replay,10464,1,2026-08-14T10:16:37.124218Z,2026-08-14T10:16:43.028513Z,2026-08-14T10:16:43.028513Z,2026-08-14T10:16:48.863113Z,3,1,1,1,1,0,1,1,3,3,3,3,0,True,True,2,1,experiment-package:ebd7a626a5683935d58c76278308acad,012195d884372706014c2852d9d32536799e4f77fadc79646a5f4f0e923495df,"[""lease_lost""]",[]
phase7-20260813-100,57,20260870,98a1c7df-781a-41e3-8591-c7fbffb05b20,after_lease_acquisition,synthetic,replay,24008,1,2026-08-14T10:16:48.950523Z,2026-08-14T10:16:52.791733Z,2026-08-14T10:16:52.791733Z,2026-08-14T10:16:59.224291Z,2,1,1,1,1,0,1,1,3,2,3,2,1,True,True,2,1,experiment-package:88abd582847dbc3689b8f18921162c27,468246c754d72ffa458c2b94668da1db11049f221123188fb83ffb0137ffdac8,[],[]
phase7-20260813-100,58,20260871,847de2e8-745b-4ac9-8ab1-88ae19e70052,after_commit_before_acknowledgement,synthetic,replay,24896,1,2026-08-14T10:16:59.300762Z,2026-08-14T10:17:03.925790Z,2026-08-14T10:17:03.925790Z,2026-08-14T10:17:09.781505Z,2,0,1,1,1,0,1,1,3,2,2,2,0,True,True,2,1,experiment-package:6d165833d8ce45087f8e65bbc250f078,7e23500b3a675ce3ccf78c7bd727c009f1ccf81a957da8fb859fbda767e23be7,[],[]
phase7-20260813-100,59,20260872,b095a683-b126-4274-9777-6050a6ea4b50,after_upload_before_outcome_transaction,synthetic,replay,29376,1,2026-08-14T10:17:09.845318Z,2026-08-14T10:17:14.580932Z,2026-08-14T10:17:14.580932Z,2026-08-14T10:17:20.608995Z,3,1,1,1,1,0,1,1,3,3,3,3,0,True,True,2,1,experiment-package:b7c705b23f398a0c321864398a75b8d8,8ba5bb0a3aa37f8d4c1e41095f918ef2f87e9185dc98e280eea2909761bcc67b,"[""lease_lost""]",[]
phase7-20260813-100,60,20260873,a53bebf9-6f36-4c6f-bc9d-fc971585fd0f,after_upload_before_outcome_transaction,synthetic,replay,36312,1,2026-08-14T10:17:20.672072Z,2026-08-14T10:17:25.270450Z,2026-08-14T10:17:25.270450Z,2026-08-14T10:17:30.919659Z,3,1,1,1,1,0,1,1,3,3,3,3,0,True,True,2,1,experiment-package:425980201bf94fd654ee5e64137f1806,cf80ca44ba7ae4dad06ad8dcf36d77ba586243c3efb2e63cdafdfe380f713b23,"[""lease_lost""]",[]
phase7-20260813-100,61,20260874,bdb5b719-89cc-472d-a336-428c7e07624e,after_lease_acquisition,synthetic,replay,31680,1,2026-08-14T10:17:31.002294Z,2026-08-14T10:17:35.669218Z,2026-08-14T10:17:35.669218Z,2026-08-14T10:17:41.912401Z,2,1,1,1,1,0,1,1,3,2,3,2,1,True,True,2,1,experiment-package:f926164c5a0af2ee8e2c43f442432679,3feb58dd76f556ffc462f42f85a24b5b67cead484f719cd3bd3886cb5cee99ee,[],[]
phase7-20260813-100,62,20260875,00e64846-7d5b-4642-b639-0cdcfb0aaa6b,during_evidence_export,synthetic,replay,35108,1,2026-08-14T10:17:48.019670Z,2026-08-14T10:17:50.396911Z,2026-08-14T10:17:50.396911Z,2026-08-14T10:17:50.601112Z,2,0,1,1,1,0,1,1,3,2,2,2,0,True,True,2,1,experiment-package:24862b75bb7bc68a510a160e148c7e13,3970268b0ed8317c34748825143463eb8fd0bf2ac4db620ce6dbcb6254db4d59,[],[]
phase7-20260813-100,63,20260876,7c83619d-4a96-4f3c-8b30-0e94f9d8c7e7,after_commit_before_acknowledgement,synthetic,replay,32588,1,2026-08-14T10:17:50.731195Z,2026-08-14T10:17:56.376690Z,2026-08-14T10:17:56.376690Z,2026-08-14T10:18:01.593635Z,2,0,1,1,1,0,1,1,3,2,2,2,0,True,True,2,1,experiment-package:8c5f87417a091a38927e0312e1ae7116,0ce020fbcc4c631d24e3f7083a0e38972e8b6a1e4e56404d902c2914cdbd5fe9,[],[]
phase7-20260813-100,64,20260877,2c11298c-7cc8-4b64-b633-2dcdbffa24f1,after_lease_acquisition,synthetic,replay,34956,1,2026-08-14T10:18:01.656936Z,2026-08-14T10:18:05.044412Z,2026-08-14T10:18:05.044412Z,2026-08-14T10:18:10.096201Z,2,1,1,1,1,0,1,1,3,2,3,2,1,True,True,2,1,experiment-package:eb192fcb8b2944076e1489c381e0c694,f47b71a1b8729f737db738c0d111ce82bfb86b5baf91908958f8058ecd949f27,[],[]
phase7-20260813-100,65,20260878,cb90286b-ca59-4dc4-8dce-cc7330a07373,after_upload_before_outcome_transaction,synthetic,replay,31224,1,2026-08-14T10:18:10.160780Z,2026-08-14T10:18:15.726839Z,2026-08-14T10:18:15.726839Z,2026-08-14T10:18:22.007492Z,3,1,1,1,1,0,1,1,3,3,3,3,0,True,True,2,1,experiment-package:0d9ba6e3950d6eac0b94416708770d40,1c3451e594625e1a647720c8ae949d71eb8ff0f97f245f7e7655932dee7eaedb,"[""lease_lost""]",[]
phase7-20260813-100,66,20260879,34e1517f-006f-4a20-83e2-c9cb8bf76013,after_lease_acquisition,synthetic,replay,20448,1,2026-08-14T10:18:22.067802Z,2026-08-14T10:18:26.819260Z,2026-08-14T10:18:26.819260Z,2026-08-14T10:18:33.644645Z,2,1,1,1,1,0,1,1,3,2,3,2,1,True,True,2,1,experiment-package:4579e697d465801e9f46f7ebdbc7833e,1079b04af9987c3883169c6ded04c759d5471e7676021348be629b1fd1ecb726,[],[]
phase7-20260813-100,67,20260880,9593d9a2-c5d6-4967-9e3b-666a98adf108,after_upload_before_outcome_transaction,synthetic,replay,35504,1,2026-08-14T10:18:33.727562Z,2026-08-14T10:18:38.058253Z,2026-08-14T10:18:38.058253Z,2026-08-14T10:18:44.008438Z,3,1,1,1,1,0,1,1,3,3,3,3,0,True,True,2,1,experiment-package:01e7599ccfa856f4b9f9a90137bbf300,b3b2fb9d99429a6c18c9912a0a962e384d1da69b947280382d15b3b228a0e43b,"[""lease_lost""]",[]
phase7-20260813-100,68,20260881,dfa14842-a1ea-428c-a28a-5e5acfa69a27,during_evidence_export,synthetic,replay,33308,1,2026-08-14T10:18:49.332367Z,2026-08-14T10:18:51.130320Z,2026-08-14T10:18:51.130320Z,2026-08-14T10:18:51.267501Z,2,0,1,1,1,0,1,1,3,2,2,2,0,True,True,2,1,experiment-package:6ca974cfdc2df32ca86d76371d88237b,f34a3329b1fb3dc9d1c5a1d6cd9b2a7a8eae3befb445c15b5949fa78554eaa7e,[],[]
phase7-20260813-100,69,20260882,55ba9687-2da4-471a-976d-862126577ad3,after_adapter_return_before_upload,synthetic,replay,33048,1,2026-08-14T10:18:51.329304Z,2026-08-14T10:18:55.290506Z,2026-08-14T10:18:55.290506Z,2026-08-14T10:19:01.461383Z,3,1,1,1,1,0,1,1,3,3,3,3,0,True,True,2,1,experiment-package:1a30713b62be2063acea4801b8474c35,7c2ca544d39e154f322add078bcf8cf8ee3057d582c5fd14ce5d9e5552b1655d,"[""lease_lost""]",[]
phase7-20260813-100,70,20260883,2fbddd90-0de9-4020-9a2a-601216479075,during_evidence_export,synthetic,replay,30880,1,2026-08-14T10:19:07.033508Z,2026-08-14T10:19:09.642705Z,2026-08-14T10:19:09.642705Z,2026-08-14T10:19:09.813453Z,2,0,1,1,1,0,1,1,3,2,2,2,0,True,True,2,1,experiment-package:0e0d54589828d8ea9c10bf630dd2d3d6,3486ecaf69a198761d6a6db790c62075d5b5bc418a6eae590530a9363b06141a,[],[]
phase7-20260813-100,71,20260884,9efd6265-dc3d-4fda-9984-e2b29681eda5,after_adapter_return_before_upload,synthetic,replay,23888,1,2026-08-14T10:19:09.900155Z,2026-08-14T10:19:15.459799Z,2026-08-14T10:19:15.459799Z,2026-08-14T10:19:21.654799Z,3,1,1,1,1,0,1,1,3,3,3,3,0,True,True,2,1,experiment-package:e04968bc9a77af2c3d85ba3bd2c1dfe2,38d9f38dc656fea652681cde06ed8eaed5d18703f61074740cf126bbea84de13,"[""lease_lost""]",[]
phase7-20260813-100,72,20260885,1fbf9d27-0eb2-44df-803d-9cb650cc32c7,during_object_upload,synthetic,replay,24748,1,2026-08-14T10:19:21.712127Z,2026-08-14T10:19:26.281539Z,2026-08-14T10:19:26.281539Z,2026-08-14T10:19:34.109860Z,3,1,1,1,1,0,1,1,3,3,3,3,0,True,True,2,1,experiment-package:138af07fa240d9d35ce024114e67bedb,373a5307e09470bceb355bafd11efafabddbda2177f3c2f949593b234cf9b1e7,"[""lease_lost""]",[]
phase7-20260813-100,73,20260886,3b46d138-a70a-4494-8973-bfe2b3949bb3,during_evidence_export,synthetic,replay,36352,1,2026-08-14T10:19:38.812790Z,2026-08-14T10:19:41.332994Z,2026-08-14T10:19:41.332994Z,2026-08-14T10:19:41.493453Z,2,0,1,1,1,0,1,1,3,2,2,2,0,True,True,2,1,experiment-package:aed00ad3cc2ce1224bb941edb43a2ae7,ea4511d7590edf937a63acb17e7d8678ef9b7391bef2bf645660fd1acc8af391,[],[]
phase7-20260813-100,74,20260887,b1aa75e3-6842-4408-acd8-826e35ee2508,after_lease_acquisition,synthetic,replay,33268,1,2026-08-14T10:19:41.564950Z,2026-08-14T10:19:47.185314Z,2026-08-14T10:19:47.185314Z,2026-08-14T10:19:53.841134Z,2,1,1,1,1,0,1,1,3,2,3,2,1,True,True,2,1,experiment-package:a88921aaec192ad063d3eea10b259e27,b5a0534734a91ac3028a12cc959740780f92a56990f5f8c8c41e0a3d76243509,[],[]
phase7-20260813-100,75,20260888,c8cc2173-170c-49db-aba4-30a1c4dec9b4,during_evidence_export,synthetic,replay,32232,1,2026-08-14T10:19:59.847183Z,2026-08-14T10:20:02.150224Z,2026-08-14T10:20:02.150224Z,2026-08-14T10:20:02.276442Z,2,0,1,1,1,0,1,1,3,2,2,2,0,True,True,2,1,experiment-package:b63778e70e27aefa41f89a21be3a11ae,7bc9862c5c77fac3d178f1bf479df21f5a35d84115ca6b3cb66683715e877e7b,[],[]
phase7-20260813-100,76,20260889,1883256d-5487-4a72-93c7-83c64118b1d6,after_commit_before_acknowledgement,synthetic,replay,19368,1,2026-08-14T10:20:02.345137Z,2026-08-14T10:20:08.464957Z,2026-08-14T10:20:08.464957Z,2026-08-14T10:20:15.206147Z,2,0,1,1,1,0,1,1,3,2,2,2,0,True,True,2,1,experiment-package:13400f6c8c67f57e5ae2b8eabc3f5a92,637614966ca72b3abb31da5546141ac53febb967703f466d6339ce54e1e44e37,[],[]
phase7-20260813-100,77,20260890,e783df27-3418-4f00-8261-cd85844dc6e5,after_adapter_return_before_upload,synthetic,replay,31212,1,2026-08-14T10:20:15.426462Z,2026-08-14T10:20:20.741188Z,2026-08-14T10:20:20.741188Z,2026-08-14T10:20:27.007062Z,3,1,1,1,1,0,1,1,3,3,3,3,0,True,True,2,1,experiment-package:3ea493aff270763f5f72f1dd3a859bab,e03bf45d553a033738e3f4a4364eea63f4b201dc5eea0d402cf33859224fd9ca,"[""lease_lost""]",[]
phase7-20260813-100,78,20260891,0f2b028a-591b-4b4c-a437-48daaa8f8556,after_upload_before_outcome_transaction,synthetic,replay,35020,1,2026-08-14T10:20:27.065922Z,2026-08-14T10:20:31.177195Z,2026-08-14T10:20:31.177195Z,2026-08-14T10:20:37.083295Z,3,1,1,1,1,0,1,1,3,3,3,3,0,True,True,2,1,experiment-package:ad4579450fa13930a50c114eafcfd41a,424aaa04fb0b2e9f0b3064f43fe379db18adfef21cd539abc139c6cf286b92ab,"[""lease_lost""]",[]
phase7-20260813-100,79,20260892,e6c1a315-0053-44f1-ab79-0d798b52d8d9,during_evidence_export,synthetic,replay,32416,1,2026-08-14T10:20:41.914043Z,2026-08-14T10:20:43.550725Z,2026-08-14T10:20:43.550725Z,2026-08-14T10:20:43.682327Z,2,0,1,1,1,0,1,1,3,2,2,2,0,True,True,2,1,experiment-package:6a32e6b5f9dc05b957eb002ab60af2b9,f80a4a1c78e79aff3150c0dc1b2d09298ad7d4fab35e91b47a793c7b64fbfd16,[],[]
phase7-20260813-100,80,20260893,91047a2e-1a9a-4af0-94e6-fc220010407f,after_adapter_return_before_upload,synthetic,replay,35428,1,2026-08-14T10:20:43.743558Z,2026-08-14T10:20:47.887334Z,2026-08-14T10:20:47.887334Z,2026-08-14T10:20:54.289566Z,3,1,1,1,1,0,1,1,3,3,3,3,0,True,True,2,1,experiment-package:4e77ebab252e0f465bdcb8f8722050fc,098ca52ae6dac675e6948f914366b2d3c276412ce6ea4caf9b7bf20eea4b6b11,"[""lease_lost""]",[]
phase7-20260813-100,81,20260894,91ae41fa-7e87-483d-a5f6-8266748c5dc6,during_object_upload,synthetic,replay,19848,1,2026-08-14T10:20:54.409140Z,2026-08-14T10:21:00.219164Z,2026-08-14T10:21:00.219164Z,2026-08-14T10:21:05.771312Z,3,1,1,1,1,0,1,1,3,3,3,3,0,True,True,2,1,experiment-package:2dc027c942a14cf3e6586df46650ae9d,faa788442f2ad342638308b8dbe713a4aca4fc4f1a20baaaa2eccd6519a27b03,"[""lease_lost""]",[]
phase7-20260813-100,82,20260895,8d90f848-8386-4bf0-930d-497cde12520f,after_commit_before_acknowledgement,synthetic,replay,28436,1,2026-08-14T10:21:05.853366Z,2026-08-14T10:21:11.162431Z,2026-08-14T10:21:11.162431Z,2026-08-14T10:21:18.432616Z,2,0,1,1,1,0,1,1,3,2,2,2,0,True,True,2,1,experiment-package:769ae2bfcaac4ce5599b72f0fa60dbb5,88a5dae8a463fe2bf114daf67188b88db7439f7f6881012d2153634f9417fcbe,[],[]
phase7-20260813-100,83,20260896,576e46db-760e-4304-936e-65a6a5027a05,after_upload_before_outcome_transaction,synthetic,replay,15772,1,2026-08-14T10:21:18.517309Z,2026-08-14T10:21:23.920713Z,2026-08-14T10:21:23.920713Z,2026-08-14T10:21:30.937243Z,3,1,1,1,1,0,1,1,3,3,3,3,0,True,True,2,1,experiment-package:7534dbcf5d1e6da222453d274ae11052,1f2ad9c9a0d47e686fbb827d336527cc00efd8a8d7c0086892b5020d30961bcb,"[""lease_lost""]",[]
phase7-20260813-100,84,20260897,32ef2a9f-ac43-417a-96ab-d2a1ee261e61,after_upload_before_outcome_transaction,synthetic,replay,32424,1,2026-08-14T10:21:30.997887Z,2026-08-14T10:21:35.801800Z,2026-08-14T10:21:35.801800Z,2026-08-14T10:21:42.259367Z,3,1,1,1,1,0,1,1,3,3,3,3,0,True,True,2,1,experiment-package:31a319a145971b70f4041c9106c8d9a2,6fdb71170f273394f8e93db3790d005c6757248d2a8fffc788611adfca92a2b9,"[""lease_lost""]",[]
phase7-20260813-100,85,20260898,5a8ac619-1e04-41aa-bb4d-0c97f6e210ed,after_adapter_return_before_upload,synthetic,replay,23840,1,2026-08-14T10:21:42.311945Z,2026-08-14T10:21:46.724007Z,2026-08-14T10:21:46.724007Z,2026-08-14T10:21:52.646969Z,3,1,1,1,1,0,1,1,3,3,3,3,0,True,True,2,1,experiment-package:c085f72189db13d0a9a73c7119c6df95,b1a8d76482f1ce971aa800065547e4ff3e5763d1d13798222f354ebe9434dbe8,"[""lease_lost""]",[]
phase7-20260813-100,86,20260899,f4470e01-9d79-49d6-938d-58dcd9696a0e,during_object_upload,synthetic,replay,31560,1,2026-08-14T10:21:52.690451Z,2026-08-14T10:21:56.779781Z,2026-08-14T10:21:56.779781Z,2026-08-14T10:22:05.377592Z,3,1,1,1,1,0,1,1,3,3,3,3,0,True,True,2,1,experiment-package:e8b1e5bed04afc2a02b4f024283025ed,3a94e7d0b9af830b31d182dd40919a0431283abd6373227ff54cfd83f434d76c,"[""lease_lost""]",[]
phase7-20260813-100,87,20260900,2450a748-6614-4fed-ab61-687f9e96284a,after_upload_before_outcome_transaction,synthetic,replay,36532,1,2026-08-14T10:22:05.439386Z,2026-08-14T10:22:10.171418Z,2026-08-14T10:22:10.171418Z,2026-08-14T10:22:17.380992Z,3,1,1,1,1,0,1,1,3,3,3,3,0,True,True,2,1,experiment-package:f7f8956895f2bcb6f2b657c1d5e6ddb4,e4f33873d39f4d3b3729af33f3781ad610c6fd738bc2ebb730cbe83548e0b7e1,"[""lease_lost""]",[]
phase7-20260813-100,88,20260901,e1227616-87a9-40fa-a733-02e093e69a7d,after_upload_before_outcome_transaction,synthetic,replay,33860,1,2026-08-14T10:22:17.454814Z,2026-08-14T10:22:22.495681Z,2026-08-14T10:22:22.495681Z,2026-08-14T10:22:28.836432Z,3,1,1,1,1,0,1,1,3,3,3,3,0,True,True,2,1,experiment-package:ef9c91721f67d59881e29132a13217a9,125ad6ae1db767581677b729cdc0478fc9d9c56c81e68885f79e01985b14f79f,"[""lease_lost""]",[]
phase7-20260813-100,89,20260902,3d003205-f527-44a1-b054-7a7c56f61baa,after_adapter_return_before_upload,synthetic,replay,26416,1,2026-08-14T10:22:28.903198Z,2026-08-14T10:22:33.659919Z,2026-08-14T10:22:33.659919Z,2026-08-14T10:22:42.395646Z,3,1,1,1,1,0,1,1,3,3,3,3,0,True,True,2,1,experiment-package:c7d589fe3afd54c76aba24655bda76cd,72eb360c9c67cee125a1196d177e0666498e9f7bc7cef149177149c8ef79954e,"[""lease_lost""]",[]
phase7-20260813-100,90,20260903,ecfa5869-11b7-4ad4-b0f7-a6f92213a30b,after_upload_before_outcome_transaction,synthetic,replay,17584,1,2026-08-14T10:22:42.464462Z,2026-08-14T10:22:49.240033Z,2026-08-14T10:22:49.240033Z,2026-08-14T10:22:57.652215Z,3,1,1,1,1,0,1,1,3,3,3,3,0,True,True,2,1,experiment-package:ef201d2374d58c013a691c75e41fba34,a97de1ad8ffee7a8a42507e5686ec493e705aa22565c0b597a822ed67ea297d0,"[""lease_lost""]",[]
phase7-20260813-100,91,20260904,34a57c82-3407-428c-b788-07820ac053c9,during_evidence_export,synthetic,replay,8824,1,2026-08-14T10:23:04.110245Z,2026-08-14T10:23:06.253373Z,2026-08-14T10:23:06.253373Z,2026-08-14T10:23:06.526777Z,2,0,1,1,1,0,1,1,3,2,2,2,0,True,True,2,1,experiment-package:8e9d007c4833014cd28be0321fb3a7c4,a7763bf585003e7853330079a317dfd06a7c4962c6c88a5297042a9b90515ddf,[],[]
phase7-20260813-100,92,20260905,b40b0b56-51d5-42bf-9fd8-fccbcec1b2a0,after_adapter_return_before_upload,synthetic,replay,9428,1,2026-08-14T10:23:06.679117Z,2026-08-14T10:23:12.046637Z,2026-08-14T10:23:12.046637Z,2026-08-14T10:23:20.404222Z,3,1,1,1,1,0,1,1,3,3,3,3,0,True,True,2,1,experiment-package:e068bd89acb4a07c65a9d7e3474bfe18,f85cf4806f0198feaf0b34b2f0c8b0bcbff407c4d1fee23fb5b62f0e06b8255c,"[""lease_lost""]",[]
phase7-20260813-100,93,20260906,94839296-cafa-4461-8bb6-de3afc49345d,after_adapter_return_before_upload,synthetic,replay,6628,1,2026-08-14T10:23:20.474393Z,2026-08-14T10:23:25.179257Z,2026-08-14T10:23:25.179257Z,2026-08-14T10:23:33.441428Z,3,1,1,1,1,0,1,1,3,3,3,3,0,True,True,2,1,experiment-package:4fc2821457b7029f64c0f08d47c315c3,13153bcd733f73babd39d96dbe1387e56434c9498d14ef677a5e5ddda14cf0c8,"[""lease_lost""]",[]
phase7-20260813-100,94,20260907,79723cf5-99db-4b46-922d-9b1bff8c616b,during_evidence_export,synthetic,replay,26796,1,2026-08-14T10:23:39.567431Z,2026-08-14T10:23:41.461751Z,2026-08-14T10:23:41.461751Z,2026-08-14T10:23:41.579614Z,2,0,1,1,1,0,1,1,3,2,2,2,0,True,True,2,1,experiment-package:dae434e0a9a947fa8de3595316410089,b60cb6648365a7ef9552e112b78520540ff1a34317eaac2276a23a1fa0e808de,[],[]
phase7-20260813-100,95,20260908,3ac7ec2f-1498-4ccb-8a0d-384bb7b3e461,after_lease_acquisition,synthetic,replay,34972,1,2026-08-14T10:23:41.634487Z,2026-08-14T10:23:45.115454Z,2026-08-14T10:23:45.115454Z,2026-08-14T10:23:53.778071Z,2,1,1,1,1,0,1,1,3,2,3,2,1,True,True,2,1,experiment-package:438c905c061d75de6f18b0c09a6e63c7,d49fa4d2fb078fbff1a8adf5abcfaa49194b40ceaa1586e70440581d1ac75077,[],[]
phase7-20260813-100,96,20260909,18f399f9-3257-4620-b948-2169afffc583,after_upload_before_outcome_transaction,synthetic,replay,33804,1,2026-08-14T10:23:53.838967Z,2026-08-14T10:23:58.287678Z,2026-08-14T10:23:58.287678Z,2026-08-14T10:24:06.106026Z,3,1,1,1,1,0,1,1,3,3,3,3,0,True,True,2,1,experiment-package:06c831b200f25593d59f4f03c519af58,33470f673414adc3e664d8ddb466fce7f005b1ec22ea433320ef548910877b9b,"[""lease_lost""]",[]
phase7-20260813-100,97,20260910,3c73f261-245b-4a8e-874f-8223348863d7,after_commit_before_acknowledgement,synthetic,replay,35872,1,2026-08-14T10:24:06.161696Z,2026-08-14T10:24:10.346890Z,2026-08-14T10:24:10.346890Z,2026-08-14T10:24:16.598193Z,2,0,1,1,1,0,1,1,3,2,2,2,0,True,True,2,1,experiment-package:c52cf8ba8f2cdbd9f1af2b0833b0c7a3,499c16bc2c63cf3f2384d708d684a7be46a8540399f4e39fb120e348f4931d89,[],[]
phase7-20260813-100,98,20260911,40c209d6-8fa2-4c46-a5e1-bc3e52bf6800,during_object_upload,synthetic,replay,2524,1,2026-08-14T10:24:16.654190Z,2026-08-14T10:24:21.285187Z,2026-08-14T10:24:21.285187Z,2026-08-14T10:24:27.594341Z,3,1,1,1,1,0,1,1,3,3,3,3,0,True,True,2,1,experiment-package:a02f6138bcd0e9de19a2e27207feb812,d2e101f666e0b22beadf36837fd7d2be90970dbdef86f1162eea224a8f9027e3,"[""lease_lost""]",[]
phase7-20260813-100,99,20260912,b00d7a14-4687-4129-85f8-9264f9e65afc,during_evidence_export,synthetic,replay,35116,1,2026-08-14T10:24:32.839921Z,2026-08-14T10:24:34.326689Z,2026-08-14T10:24:34.326689Z,2026-08-14T10:24:34.482990Z,2,0,1,1,1,0,1,1,3,2,2,2,0,True,True,2,1,experiment-package:b95e07a6448cfc6d8b8a50ffcf698a3b,ce1a7ebe2dba267f8de3b0c3a267608f1e896d644f09b876b5a6cbefaf329a80,[],[]
phase7-20260813-100,100,20260913,73fc256b-6ce8-4142-961c-6777c9107c7f,during_evidence_export,synthetic,replay,35472,1,2026-08-14T10:24:39.466800Z,2026-08-14T10:24:41.263146Z,2026-08-14T10:24:41.263146Z,2026-08-14T10:24:41.386697Z,2,0,1,1,1,0,1,1,3,2,2,2,0,True,True,2,1,experiment-package:468dbf9c831f5bfc149128f73fa9c2de,912993fc88f423b566f402c05f842021d27e68882ed5ef4fa056d4ddc098ee99,[],[]
